-- --------------------------------------------------------
-- Хост:                         127.0.0.1
-- Версия сервера:               5.6.17-log - MySQL Community Server (GPL)
-- ОС Сервера:                   Win32
-- HeidiSQL Версия:              8.0.0.4464
-- --------------------------------------------------------

/*!40101 SET @OLD_CHARACTER_SET_CLIENT=@@CHARACTER_SET_CLIENT */;
/*!40101 SET NAMES utf8 */;
/*!40014 SET @OLD_FOREIGN_KEY_CHECKS=@@FOREIGN_KEY_CHECKS, FOREIGN_KEY_CHECKS=0 */;
/*!40101 SET @OLD_SQL_MODE=@@SQL_MODE, SQL_MODE='NO_AUTO_VALUE_ON_ZERO' */;

-- Дамп структуры для таблица yokomarket.loc.Page
DROP TABLE IF EXISTS `Page`;
CREATE TABLE IF NOT EXISTS `Page` (
  `id` int(11) NOT NULL AUTO_INCREMENT,
  `user_id` int(11) DEFAULT NULL,
  `category_id` int(11) DEFAULT NULL,
  `url` varchar(255) DEFAULT '',
  `created` datetime DEFAULT NULL,
  `updated` datetime DEFAULT NULL,
  `publish_date` datetime DEFAULT NULL,
  `status` varchar(255) DEFAULT '',
  `layout` varchar(2555) DEFAULT '',
  `view` varchar(255) DEFAULT '',
  `view_image` tinyint(4) DEFAULT NULL,
  `anchor` varchar(50) DEFAULT '',
  PRIMARY KEY (`id`),
  KEY `user_id` (`user_id`),
  KEY `category_id` (`category_id`),
  KEY `url` (`url`),
  KEY `created` (`created`),
  KEY `updated` (`updated`),
  KEY `publish_date` (`publish_date`),
  KEY `status` (`status`)
) ENGINE=MyISAM AUTO_INCREMENT=23 DEFAULT CHARSET=utf8;

-- Дамп данных таблицы yokomarket.loc.Page: 14 rows
DELETE FROM `Page`;
/*!40000 ALTER TABLE `Page` DISABLE KEYS */;
INSERT INTO `Page` (`id`, `user_id`, `category_id`, `url`, `created`, `updated`, `publish_date`, `status`, `layout`, `view`, `view_image`, `anchor`) VALUES
	(8, 1, NULL, 'help', '2012-06-10 22:35:51', '2012-07-07 11:47:09', '2012-06-10 22:35:29', 'published', '', '', NULL, ''),
	(9, 1, NULL, 'how-to-create-order', '2012-06-10 22:36:50', '2012-07-07 11:45:53', '2012-06-10 22:36:27', 'published', '', '', NULL, ''),
	(10, 1, NULL, 'garantiya', '2012-06-10 22:37:06', '2012-07-07 11:45:38', '2012-06-10 22:36:50', 'published', '', '', NULL, ''),
	(11, 1, NULL, 'dostavka-i-oplata', '2012-06-10 22:37:18', '2012-07-07 11:41:49', '2012-06-10 22:37:07', 'published', '', '', NULL, ''),
	(12, 1, 7, 'samsung-pitaetsya-izbezhat-zapreta-na-galaxy-nexus-v-shtatah-pri-pomoshi-patcha', '2012-07-07 12:08:50', '2015-10-03 17:25:07', '2012-07-07 12:06:19', 'published', '', '', 1, ''),
	(13, 1, 7, 'za-85-mesyacev-android-40-popal-na-11-ustroistv', '2012-07-07 12:19:44', '2015-10-03 17:24:57', '2012-07-07 12:14:48', 'published', '', '', 1, ''),
	(14, 1, 7, 'google-prezentoval-svoi-ochki-dopolnennoi-realnosti', '2012-07-07 12:26:11', '2015-10-03 17:23:17', '2012-07-07 12:25:48', 'published', '', '', 1, ''),
	(15, 1, 14, 'chto-takoe-zenmarket', '2015-09-30 11:21:48', '2015-09-30 11:26:19', '2015-09-30 11:20:48', 'published', '', '', NULL, '#Что такое ZenMarket?'),
	(16, 1, 14, 'zachem-polzovatsya-zenmarket', '2015-09-30 11:27:10', '2015-09-30 11:27:10', '2015-09-30 11:26:35', 'published', '', '', NULL, '#Зачем пользоваться ZenMarket?'),
	(17, 1, 14, 'kak-pokupat-v-magazinah', '2015-09-30 11:27:26', '2015-09-30 11:27:26', '2015-09-30 11:27:18', 'published', '', '', NULL, '#Как покупать в магазинах?'),
	(18, 1, 14, 'kak-delat-stavki-na-aukcionah', '2015-09-30 11:28:17', '2015-09-30 11:28:17', '2015-09-30 11:27:35', 'published', '', '', NULL, '#Как делать ставки на аукционах?'),
	(19, 1, 14, 'skolko-ieto-budet-stoit', '2015-09-30 11:28:54', '2015-09-30 11:28:54', '2015-09-30 11:28:17', 'published', '', '', NULL, '#Сколько это будет стоить?'),
	(20, 1, 14, 'chto-zenmarket-ne-delaet', '2015-09-30 11:29:24', '2015-09-30 11:29:24', '2015-09-30 11:29:11', 'published', '', '', NULL, '#Что ZenMarket не делает?'),
	(22, 1, NULL, 'dostavka-tovarov-iz-yaponii', '2015-10-06 11:19:48', '2015-10-06 11:20:11', '2015-10-06 11:18:11', 'published', '', '', 1, '');
/*!40000 ALTER TABLE `Page` ENABLE KEYS */;


-- Дамп структуры для таблица yokomarket.loc.PageCategory
DROP TABLE IF EXISTS `PageCategory`;
CREATE TABLE IF NOT EXISTS `PageCategory` (
  `id` int(11) NOT NULL AUTO_INCREMENT,
  `parent_id` int(11) DEFAULT NULL,
  `url` varchar(255) DEFAULT '',
  `full_url` text,
  `layout` varchar(255) DEFAULT '',
  `view` varchar(255) DEFAULT '',
  `created` datetime DEFAULT NULL,
  `updated` datetime DEFAULT NULL,
  `page_size` smallint(6) DEFAULT NULL,
  `template_path` varchar(100) DEFAULT 'Default',
  PRIMARY KEY (`id`),
  KEY `parent_id` (`parent_id`),
  KEY `url` (`url`),
  KEY `created` (`created`),
  KEY `updated` (`updated`)
) ENGINE=MyISAM AUTO_INCREMENT=16 DEFAULT CHARSET=utf8;

-- Дамп данных таблицы yokomarket.loc.PageCategory: 4 rows
DELETE FROM `PageCategory`;
/*!40000 ALTER TABLE `PageCategory` DISABLE KEYS */;
INSERT INTO `PageCategory` (`id`, `parent_id`, `url`, `full_url`, `layout`, `view`, `created`, `updated`, `page_size`, `template_path`) VALUES
	(7, NULL, 'news', 'news', '', '', '2012-07-07 12:06:03', '2015-09-30 16:47:06', NULL, 'News'),
	(10, NULL, 'tesstovya2', 'tesstovya2', '', '', '2013-05-21 23:59:34', '2013-05-21 23:59:34', NULL, '0'),
	(14, NULL, 'kratkii-obzor', 'kratkii-obzor', '', '', '2015-09-29 14:05:30', '2015-09-30 16:47:32', NULL, 'Help'),
	(15, NULL, 'pages', 'pages', '', '', '2015-09-30 11:33:39', '2015-10-06 11:18:05', NULL, 'Default');
/*!40000 ALTER TABLE `PageCategory` ENABLE KEYS */;


-- Дамп структуры для таблица yokomarket.loc.PageCategoryTranslate
DROP TABLE IF EXISTS `PageCategoryTranslate`;
CREATE TABLE IF NOT EXISTS `PageCategoryTranslate` (
  `id` int(11) NOT NULL AUTO_INCREMENT,
  `object_id` int(11) NOT NULL,
  `language_id` int(11) NOT NULL,
  `name` varchar(255) DEFAULT NULL,
  `description` text,
  `meta_title` varchar(255) DEFAULT NULL,
  `meta_description` varchar(255) DEFAULT NULL,
  `meta_keywords` varchar(255) DEFAULT NULL,
  PRIMARY KEY (`id`),
  KEY `object_id` (`object_id`),
  KEY `language_id` (`language_id`)
) ENGINE=MyISAM AUTO_INCREMENT=25 DEFAULT CHARSET=utf8;

-- Дамп данных таблицы yokomarket.loc.PageCategoryTranslate: 12 rows
DELETE FROM `PageCategoryTranslate`;
/*!40000 ALTER TABLE `PageCategoryTranslate` DISABLE KEYS */;
INSERT INTO `PageCategoryTranslate` (`id`, `object_id`, `language_id`, `name`, `description`, `meta_title`, `meta_description`, `meta_keywords`) VALUES
	(13, 7, 1, 'Новости', '', '', '', ''),
	(14, 7, 9, 'Новости', '', '', '', ''),
	(15, 11, 1, 'sdfsdf', '', '', '', ''),
	(16, 11, 9, 'sdfsdf', '', '', '', ''),
	(17, 12, 1, 'Тесстовя2', '', '', '', ''),
	(18, 12, 9, 'Тесстовя2', '', '', '', ''),
	(19, 13, 1, 'Помощь', '', '', '', ''),
	(20, 13, 9, 'Помощь', '', '', '', ''),
	(21, 14, 1, 'Краткий обзор', '        <a id="Что такое ZenMarket?"></a>\r\n        <h3>Что такое ZenMarket?</h3>\r\n        <p>ZenMarket — это сервис, который помогает вам покупать товары в японских онлайн-магазинах и на аукционах.</p>\r\n\r\n\r\n        <a id="Зачем пользоваться ZenMarket?"></a>\r\n        <h3>Зачем пользоваться ZenMarket?</h3>\r\n        <p>\r\n            - ZenMarket решает все проблемы, которые у вас могут возникнуть при покупке товаров из Японии.\r\n            <br />\r\n            - Через ZenMarket покупать выгоднее, чем напрямую в каждом из магазинов.\r\n        </p>\r\n\r\n\r\n        <a id="Как покупать в магазинах?"></a>\r\n        <h3>Как покупать в магазинах?</h3>\r\n        <p>\r\n            <b>1. Добавьте товар в корзину</b><br />\r\n            Добавьте ссылку на товар с любого японского онлайн-магазина в корзину и нажмите "Оформить заказ".\r\n        </p>\r\n        <p>\r\n            <b>2. Проверка заказа</b><br />\r\n            ZenMarket проверит цены, наличие товара у продавца и выставит счет.\r\n        </p>\r\n        <p>\r\n            <b>3. Оплата товаров</b><br />\r\n            Когда цены будут подтверждены, вы сможете заплатить за ваши товары.\r\n        </p>\r\n        <p>\r\n            <b>4. Подождите несколько дней</b><br />\r\n            ZenMarket выкупит ваши товары у продавца. Обычно это занимает 2-3 дня, чтобы товары прибыли на наш склад.\r\n        </p>\r\n        <p>\r\n            <b>5. Выберите международную доставку</b><br />\r\n            Когда товары прибудут на склад, создайте посылку с нужным адресом и способом доставки.\r\n        </p>\r\n        <p>\r\n            <b>6. Оплата международной доставки</b><br />\r\n            Когда мы упакуем и взвесим вашу посылку, вы сможете заплатить за международную доставку.\r\n        </p>\r\n        <p>\r\n            <b>7. Получение посылки</b><br />\r\n            Подождите 1-2 недели, пока посылка будет доставлена по указанному адресу.\r\n        </p>\r\n        <p><a href="how_to_buy_from_rakuten.aspx">О магазине Rakuten</a></p>\r\n        <p><a href="how_to_buy_from_japanese_amazon.aspx">О магазине Amazon</a></p>\r\n\r\n\r\n        <a id="Как делать ставки на аукционах?"></a>\r\n        <h3>Как делать ставки на аукционах?</h3>\r\n        <p>\r\n            <b>1. Внесите деньги на баланс</b><br />\r\n            Внесите необходимую сумму, чтобы сделать ставку на аукционе.\r\n        </p>\r\n        <p>\r\n            <b>2. Сделайте ставку</b><br />\r\n            Внимательно изучите описание лота и сделайте на него ставку.\r\n        </p>\r\n        <p>\r\n            <b>3. Подождите несколько дней</b><br />\r\n            Если вы победите на аукционе, мы выкупим ваш товар у продавца. Подождите 2-3 дня, чтобы товары прибыли на наш склад.\r\n        </p>\r\n        <p>\r\n            <b>4. Выберите международную доставку</b><br />\r\n            Когда товары прибудут на склад, создайте посылку с нужным адресом и способом доставки.\r\n        </p>\r\n        <p>\r\n            <b>5. Оплата международной доставки</b><br />\r\n            Когда мы упакуем и взвесим вашу посылку, вы сможете заплатить за международную доставку.\r\n        </p>\r\n        <p>\r\n            <b>6. Получение посылки</b><br />\r\n            Подождите 1-2 недели, пока посылка будет доставлена по указанному адресу.\r\n        </p>\r\n\r\n\r\n        <a id="Сколько это будет стоить?"></a>\r\n        <h3>Сколько это будет стоить?</h3>\r\n        <p>Мы понимаем, что удобно заранее знать общую стоимость, однако мы не можем вам заранее сообщить полную общую стоимость. Поскольку мы не знаем заранее: сколько ваши товары будут весить, куда вы собираетесь отправить посылку, каким способом вы будете отправлять, и каким способом вы будете платить. Прямо сейчас мы не можем вам сказать точную общую стоимость, однако вы можете посчитать примерные расходы с помощью нашего <a href="calc.aspx" target="_blank">Калькулятора затрат</a>.</p>\r\n\r\n\r\n        <a id="Что ZenMarket не делает?"></a>\r\n        <h3>Что ZenMarket не делает?</h3>\r\n        <p>\r\n            - Мы не покупаем в оффлайн-магазинах. <br />\r\n            - Мы не предоставляем услуги мейл-форвардинга. Мы отправляем только те товары, которые вы покупаете через ZenMarket.<br />\r\n            - Мы не отправляем по Японии. Мы отправляем только заграницу.<br />\r\n            - Мы не отправляем батарейки, смазки, спреи и другие <a href="prohibited_items.aspx" target="_blank">запрещённые к пересылке товары</a><br />\r\n            - Мы не покупаем <a href="prohibited_items.aspx" target="_blank">слишком большие, слишком тяжелые и слишком длинные товары</a> <br />\r\n            - Мы не проверяем, как работают б.у. товары.\r\n        </p>\r\n\r\n\r\n        <h3>С чего начать?</h3>\r\n        <p>\r\n            Для начала определитесь, что вы хотите купить. Дальше добавьте ссылку на товар в Корзину или поставьте ставку на аукционе.<br />\r\n            Если у вас есть какие-либо вопросы или сомнения, <a href="help.aspx#feedback" target="_blank">пишите нам</a>.\r\n        </p>\r\n\r\n', '', '', ''),
	(22, 14, 9, 'Краткий обзор', '', '', '', ''),
	(23, 15, 1, 'Страницы', '', '', '', ''),
	(24, 15, 9, 'Комиссии', '', '', '', '');
/*!40000 ALTER TABLE `PageCategoryTranslate` ENABLE KEYS */;


-- Дамп структуры для таблица yokomarket.loc.PageImage
DROP TABLE IF EXISTS `PageImage`;
CREATE TABLE IF NOT EXISTS `PageImage` (
  `id` int(11) NOT NULL AUTO_INCREMENT,
  `page_id` int(11) DEFAULT NULL,
  `name` varchar(255) DEFAULT '',
  `is_main` tinyint(1) DEFAULT '0',
  `uploaded_by` int(11) DEFAULT NULL,
  `date_uploaded` datetime DEFAULT NULL,
  `title` varchar(255) DEFAULT NULL,
  PRIMARY KEY (`id`)
) ENGINE=MyISAM AUTO_INCREMENT=8 DEFAULT CHARSET=utf8 ROW_FORMAT=DYNAMIC;

-- Дамп данных таблицы yokomarket.loc.PageImage: 3 rows
DELETE FROM `PageImage`;
/*!40000 ALTER TABLE `PageImage` DISABLE KEYS */;
INSERT INTO `PageImage` (`id`, `page_id`, `name`, `is_main`, `uploaded_by`, `date_uploaded`, `title`) VALUES
	(5, 14, '14_1407590170.jpg', 1, 1, '2015-10-03 17:23:17', NULL),
	(6, 13, '13_-1444904971.jpg', 1, 1, '2015-10-03 17:24:57', NULL),
	(7, 12, '12_-1319266416.jpg', 1, 1, '2015-10-03 17:25:07', NULL);
/*!40000 ALTER TABLE `PageImage` ENABLE KEYS */;


-- Дамп структуры для таблица yokomarket.loc.PageTranslate
DROP TABLE IF EXISTS `PageTranslate`;
CREATE TABLE IF NOT EXISTS `PageTranslate` (
  `id` int(11) NOT NULL AUTO_INCREMENT,
  `object_id` int(11) NOT NULL,
  `language_id` int(11) NOT NULL,
  `title` varchar(255) DEFAULT '',
  `short_description` text,
  `full_description` text,
  `meta_title` varchar(255) DEFAULT NULL,
  `meta_keywords` varchar(255) DEFAULT NULL,
  `meta_description` varchar(255) DEFAULT NULL,
  PRIMARY KEY (`id`),
  KEY `object_id` (`object_id`),
  KEY `language_id` (`language_id`)
) ENGINE=MyISAM AUTO_INCREMENT=45 DEFAULT CHARSET=utf8;

-- Дамп данных таблицы yokomarket.loc.PageTranslate: 28 rows
DELETE FROM `PageTranslate`;
/*!40000 ALTER TABLE `PageTranslate` DISABLE KEYS */;
INSERT INTO `PageTranslate` (`id`, `object_id`, `language_id`, `title`, `short_description`, `full_description`, `meta_title`, `meta_keywords`, `meta_description`) VALUES
	(22, 11, 9, 'Доставка и оплата', '', '', '', '', ''),
	(15, 8, 1, 'Помощь', 'Давно выяснено, что при оценке дизайна и композиции читаемый текст мешает сосредоточиться. Lorem Ipsum используют потому, что тот обеспечивает более или менее стандартное заполнение шаблона, а также реальное распределение букв и пробелов в абзацах, которое не получается при простой дубликации "Здесь ваш текст.. Здесь ваш текст.. Здесь ваш текст.." Многие программы электронной вёрстки и редакторы HTML используют Lorem Ipsum в качестве текста по умолчанию, так что поиск по ключевым словам "lorem ipsum" сразу показывает, как много веб-страниц всё ещё дожидаются своего настоящего рождения. За прошедшие годы текст Lorem Ipsum получил много версий. Некоторые версии появились по ошибке, некоторые - намеренно (например, юмористические варианты).', '', '', '', ''),
	(16, 8, 9, 'Помощь', '', '', '', '', ''),
	(17, 9, 1, 'Как сделать заказ', '<p>Есть много вариантов Lorem Ipsum, но большинство из них имеет не всегда приемлемые модификации, например, юмористические вставки или слова, которые даже отдалённо не напоминают латынь. Если вам нужен Lorem Ipsum для серьёзного проекта, вы наверняка не хотите какой-нибудь шутки, скрытой в середине абзаца. Также все другие известные генераторы Lorem Ipsum используют один и тот же текст, который они просто повторяют, пока не достигнут нужный объём. Это делает предлагаемый здесь генератор единственным настоящим Lorem Ipsum генератором. Он использует словарь из более чем 200 латинских слов, а также набор моделей предложений. В результате сгенерированный Lorem Ipsum выглядит правдоподобно, не имеет повторяющихся абзацей или "невозможных" слов.</p>', '', '', '', ''),
	(18, 9, 9, 'Как сделать заказ', '', '', '', '', ''),
	(19, 10, 1, 'Гарантия', '<p>Многие думают, что Lorem Ipsum - взятый с потолка псевдо-латинский набор слов, но это не совсем так. Его корни уходят в один фрагмент классической латыни 45 года н.э., то есть более двух тысячелетий назад. Ричард МакКлинток, профессор латыни из колледжа Hampden-Sydney, штат Вирджиния, взял одно из самых странных слов в Lorem Ipsum, "consectetur", и занялся его поисками в классической латинской литературе.</p>\r\n<p>В результате он нашёл неоспоримый первоисточник Lorem Ipsum в разделах 1.10.32 и 1.10.33 книги "de Finibus Bonorum et Malorum" ("О пределах добра и зла"), написанной Цицероном в 45 году н.э. Этот трактат по теории этики был очень популярен в эпоху Возрождения. Первая строка Lorem Ipsum, "Lorem ipsum dolor sit amet..", происходит от одной из строк в разделе 1.10.32 Классический текст Lorem Ipsum, используемый с XVI века, приведён ниже. Также даны разделы 1.10.32 и 1.10.33 "de Finibus Bonorum et Malorum" Цицерона и их английский перевод, сделанный H. Rackham, 1914 год.</p>', '', '', '', ''),
	(20, 10, 9, 'Гарантия', '', '', '', '', ''),
	(21, 11, 1, 'Доставка и оплата', '<p>Давно выяснено, что при оценке дизайна и композиции читаемый текст мешает сосредоточиться. Lorem Ipsum используют потому, что тот обеспечивает более или менее стандартное заполнение шаблона, а также реальное распределение букв и пробелов в абзацах, которое не получается при простой дубликации "Здесь ваш текст.. Здесь ваш текст.. Здесь ваш текст.." Многие программы электронной вёрстки и редакторы HTML используют Lorem Ipsum в качестве текста по умолчанию, так что поиск по ключевым словам "lorem ipsum" сразу показывает, как много веб-страниц всё ещё дожидаются своего настоящего рождения. За прошедшие годы текст Lorem Ipsum получил много версий. Некоторые версии появились по ошибке, некоторые - намеренно (например, юмористические варианты).</p>', '', '', '', ''),
	(23, 12, 1, 'Samsung пытается избежать запрета на Galaxy Nexus', 'Текущую ситуацию с судебным противостоянием Apple и Samsung в Штатах (ссылка по теме) можно описать строчкой их двух слов: всё плохо. ', 'В смысле всё плохо для Samsung — южнокорейская корпорация так и не сумела отбиться от назначенного судом предварительного запрета на американские продажи планшетников Galaxy Tab 10.1 и, главное, новейших смартфонов Galaxy Nexus. Расклад намечается хуже некуда: по некоторым выкладкам, потенциальный ущерб от подобного запрета может достигнуть 180 млн. долларов, две трети из которых придутся на непроданные Galaxy Nexus.', '', '', ''),
	(25, 13, 1, 'За 8,5 месяцев Android 4.0 попал на 11% устройств', 'В свое время платформа Android 2.x распространялась активнее, чем Android 4.0 Ice Cream Sandwich, а ведь уже появилась новая мобильная ОС от Google — Android 4.1 Jelly Bean. За 8,5 месяцев своего существования Android ICS попал на 10,9% устройств, а лидировать на рынке продолжает Android 2,3 Gingerbread.', '', '', '', ''),
	(24, 12, 9, 'Samsung пытается избежать запрета на Galaxy Nexus в Штатах при помощи патча', 'Текущую ситуацию с судебным противостоянием Apple и Samsung в Штатах (ссылка по теме) можно описать строчкой их двух слов: всё плохо. В смысле всё плохо для Samsung — южнокорейская корпорация так и не сумела отбиться от назначенного судом предварительного запрета на американские продажи планшетников Galaxy Tab 10.1 и, главное, новейших смартфонов Galaxy Nexus. Расклад намечается хуже некуда: по некоторым выкладкам, потенциальный ущерб от подобного запрета может достигнуть 180 млн. долларов, две трети из которых придутся на непроданные Galaxy Nexus.', '', '', '', ''),
	(26, 13, 9, 'За 8,5 месяцев Android 4.0 попал на 11% устройств', 'В свое время платформа Android 2.x распространялась активнее, чем Android 4.0 Ice Cream Sandwich, а ведь уже появилась новая мобильная ОС от Google — Android 4.1 Jelly Bean. За 8,5 месяцев своего существования Android ICS попал на 10,9% устройств, а лидировать на рынке продолжает Android 2,3 Gingerbread.', '', '', '', ''),
	(27, 14, 1, 'Google презентовал свои очки дополненной реальности‎', 'Компания Google приступит к продаже очков дополненной реальности, который разрабатываются в рамках проекта Google Project Glass, пишет блог All Things Digital. ', 'Очки будут стоить 1,5 тысячи долларов, и поставки стартуют в начале 2013 года. Устройство, однако, будет предназначено только для разработчиков. Оформить предварительный заказ на него смогут исключительно посетители конференции I/O, открывшейся 27 июня в Сан-Франциско. ', '', '', ''),
	(28, 14, 9, 'Google презентовал свои очки дополненной реальности‎', 'Компания Google приступит к продаже очков дополненной реальности, который разрабатываются в рамках проекта Google Project Glass, пишет блог All Things Digital. ', 'Очки будут стоить 1,5 тысячи долларов, и поставки стартуют в начале 2013 года. Устройство, однако, будет предназначено только для разработчиков. Оформить предварительный заказ на него смогут исключительно посетители конференции I/O, открывшейся 27 июня в Сан-Франциско. ', '', '', ''),
	(29, 15, 1, 'Что такое ZenMarket?', '', '', '', '', ''),
	(30, 15, 9, 'Что такое ZenMarket?', '', '', '', '', ''),
	(31, 16, 1, 'Зачем пользоваться ZenMarket?', '', '', '', '', ''),
	(32, 16, 9, 'Зачем пользоваться ZenMarket?', '', '', '', '', ''),
	(33, 17, 1, 'Как покупать в магазинах?', '', '', '', '', ''),
	(34, 17, 9, 'Как покупать в магазинах?', '', '', '', '', ''),
	(35, 18, 1, 'Как делать ставки на аукционах?', '', '', '', '', ''),
	(36, 18, 9, 'Как делать ставки на аукционах?', '', '', '', '', ''),
	(37, 19, 1, 'Сколько это будет стоить?', '', '', '', '', ''),
	(38, 19, 9, 'Сколько это будет стоить?', '', '', '', '', ''),
	(39, 20, 1, 'Что ZenMarket не делает?', '', '', '', '', ''),
	(40, 20, 9, 'Что ZenMarket не делает?', '', '', '', '', ''),
	(43, 22, 1, 'Доставка товаров из Японии', '', 'Какие есть способы международной доставки?\r\n\r\nМы можем отправить вашу посылку с помощью EMS, Авиапочты, SAL (эконом авиапочта), DHL, FedEx, UPS и TNT.\r\n\r\nКакой способ доставки самый дешевый?\r\n\r\nЭто зависит от размера и веса посылки. Для мелких предметов, таких как компакт-диски, журналы, SAL "мелкий пакет" будет дешевле всего. Для посылок от 2 кг предпочтительнее EMS.\r\n\r\nКакой способ доставки быстрее всего?\r\n\r\nEMS – быстрее всего, а SAL – самый медленный способ доставки. EMS обычно доходит за 1-2 недели. Другими службами посылка может доставляться до 1 месяца.\r\n\r\nКакой способ доставки выбрать?\r\n\r\nДля недорогих и маленьких товаров мы рекомендуем SAL "мелкий пакет". Для прочих товаров мы рекомендуем EMS, поскольку это самый оптимальный по цене и качеству способ доставки.\r\n\r\nСколько стоит международная доставка?\r\n\r\nТарифы EMS, Авиапочты и SAL вы можете посмотреть с помощью нашего Калькулятора.\r\n\r\nДля DHL, FedEx, UPS и TNT тарифы можно узнать на соответствующих веб-сайтах или обратившись в нашу службу поддержки.\r\n\r\nМожет ли быть международная доставка бесплатной?\r\n\r\nНет, международная доставка всегда платная. Для некоторых товаров на Rakuten и Amazon доставка по Японии бесплатная. Однако это не относится к международной доставке.\r\n\r\nКакая разница между EMS, Авиапочтой и SAL?\r\n\r\nEMS – это дешевый, быстрый и надёжный способ доставки. Авиапочтой и SAL имеет смысл пользоваться только в двух случаях. Первый – это, когда EMS для вашей страны не доступен. Второй – это, когда вы отправляете, что-то маленькое весом до 2 кг. В таком случае "мелкий пакет" SAL или Авиапочтой будет дешевле. Авиапочта немного быстрее, чем SAL, но и немного дороже.\r\n\r\nЧто такое "мелкий пакет"?\r\n\r\n"Мелкий пакет" – это тарифный план для небольших товаров. Это самый дешевый способ доставки, но у него есть ограничения по весу, размеру и сумме страховки. "Мелкий пакет" можно отправлять Авиапочтой или SAL.\r\n\r\nМаксимальный вес посылки – 2 кг.\r\nДлина (a) ＋ ширина (b) ＋ толщина (c) <=90 см, при этом длина не должна превышать 60 см.', '', '', ''),
	(44, 22, 9, 'Доставка товаров из Японии', '', 'Какие есть способы международной доставки?\r\n\r\nМы можем отправить вашу посылку с помощью EMS, Авиапочты, SAL (эконом авиапочта), DHL, FedEx, UPS и TNT.\r\n\r\nКакой способ доставки самый дешевый?\r\n\r\nЭто зависит от размера и веса посылки. Для мелких предметов, таких как компакт-диски, журналы, SAL "мелкий пакет" будет дешевле всего. Для посылок от 2 кг предпочтительнее EMS.\r\n\r\nКакой способ доставки быстрее всего?\r\n\r\nEMS – быстрее всего, а SAL – самый медленный способ доставки. EMS обычно доходит за 1-2 недели. Другими службами посылка может доставляться до 1 месяца.\r\n\r\nКакой способ доставки выбрать?\r\n\r\nДля недорогих и маленьких товаров мы рекомендуем SAL "мелкий пакет". Для прочих товаров мы рекомендуем EMS, поскольку это самый оптимальный по цене и качеству способ доставки.\r\n\r\nСколько стоит международная доставка?\r\n\r\nТарифы EMS, Авиапочты и SAL вы можете посмотреть с помощью нашего Калькулятора.\r\n\r\nДля DHL, FedEx, UPS и TNT тарифы можно узнать на соответствующих веб-сайтах или обратившись в нашу службу поддержки.\r\n\r\nМожет ли быть международная доставка бесплатной?\r\n\r\nНет, международная доставка всегда платная. Для некоторых товаров на Rakuten и Amazon доставка по Японии бесплатная. Однако это не относится к международной доставке.\r\n\r\nКакая разница между EMS, Авиапочтой и SAL?\r\n\r\nEMS – это дешевый, быстрый и надёжный способ доставки. Авиапочтой и SAL имеет смысл пользоваться только в двух случаях. Первый – это, когда EMS для вашей страны не доступен. Второй – это, когда вы отправляете, что-то маленькое весом до 2 кг. В таком случае "мелкий пакет" SAL или Авиапочтой будет дешевле. Авиапочта немного быстрее, чем SAL, но и немного дороже.\r\n\r\nЧто такое "мелкий пакет"?\r\n\r\n"Мелкий пакет" – это тарифный план для небольших товаров. Это самый дешевый способ доставки, но у него есть ограничения по весу, размеру и сумме страховки. "Мелкий пакет" можно отправлять Авиапочтой или SAL.\r\n\r\nМаксимальный вес посылки – 2 кг.\r\nДлина (a) ＋ ширина (b) ＋ толщина (c) <=90 см, при этом длина не должна превышать 60 см.', '', '', '');
/*!40000 ALTER TABLE `PageTranslate` ENABLE KEYS */;
/*!40101 SET SQL_MODE=IFNULL(@OLD_SQL_MODE, '') */;
/*!40014 SET FOREIGN_KEY_CHECKS=IF(@OLD_FOREIGN_KEY_CHECKS IS NULL, 1, @OLD_FOREIGN_KEY_CHECKS) */;
/*!40101 SET CHARACTER_SET_CLIENT=@OLD_CHARACTER_SET_CLIENT */;
